<?xml version="1.0" encoding="UTF-8"?>
<project-private xmlns="http://www.netbeans.org/ns/project-private/1">
    <editor-bookmarks xmlns="http://www.netbeans.org/ns/editor-bookmarks/2" lastBookmarkId="0"/>
    <open-files xmlns="http://www.netbeans.org/ns/projectui-open-files/2">
        <group>
            <file>file:/G:/Eng_Sofft_Trabalho/src/classes/IOExcel.java</file>
            <file>file:/G:/Eng_Sofft_Trabalho/src/classes/Ajuda.java</file>
            <file>file:/G:/Eng_Sofft_Trabalho/test/IO_Excel.java</file>
            <file>file:/G:/Eng_Sofft_Trabalho/test/Test_ControleProdutos.java</file>
            <file>file:/G:/Eng_Sofft_Trabalho/src/classes/Vendedor.java</file>
            <file>file:/G:/Eng_Sofft_Trabalho/src/classes/ControleTotal.java</file>
            <file>file:/G:/Eng_Sofft_Trabalho/src/classes/Produto.java</file>
            <file>file:/G:/Eng_Sofft_Trabalho/src/classes/Comprador.java</file>
            <file>file:/G:/Eng_Sofft_Trabalho/src/classes/CLASSEDETEST.java</file>
            <file>file:/G:/Eng_Sofft_Trabalho/src/classes/Vendas.java</file>
            <file>file:/G:/Eng_Sofft_Trabalho/src/classes/DataControle.java</file>
        </group>
    </open-files>
</project-private>
